title	images	identifier	sentences	caption	caption_transf
How to Become a Buddhist Monk	https://www.wikihow.com/images/thumb/8/83/Become-a-Buddhist-Monk-Step-4-Version-2.jpg/v4-460px-Become-a-Buddhist-Monk-Step-4-Version-2.jpg	rE8_126	Spend time meditating.	A man sitting in front of a statue holding a bottle of water.	A man sitting in a mirror looking at a statue.
How to Be an Individual	https://www.wikihow.com/images/thumb/0/04/Be-an-Individual-Step-7-Version-2.jpg/v4-460px-Be-an-Individual-Step-7-Version-2.jpg	rE24_317	Know that there is literally no one else like you in the world.	A woman standing in front of a mirror holding a polka dot umbrella.	A woman standing in front of a group of people.
How to Begin Zen Meditation (Zazen)	https://www.wikihow.com/images/thumb/2/2a/Begin-Zen-Meditation-%28Zazen%29-Step-11-Version-3.jpg/v4-460px-Begin-Zen-Meditation-%28Zazen%29-Step-11-Version-3.jpg	rE43_564	Do not worry about perfection right away.	A woman sitting on top of a table next to a potted plant.	A woman sitting on a brick wall in front of a building.
How to Pray	https://www.wikihow.com/images/thumb/4/4e/Pray-Step-3-Version-3.jpg/v4-460px-Pray-Step-3-Version-3.jpg	rE46_585	Know your purpose.	a close up of a person holding a sign near a fire place	A woman sitting in front of a painting on a table.
How to Heal Your Chakras	https://www.wikihow.com/images/thumb/e/ea/Heal-Your-Chakras-Step-6-Version-2.jpg/v4-460px-Heal-Your-Chakras-Step-6-Version-2.jpg	rE48_608	Heal the third chakra with sunshine.	A woman carrying a surfboard across a sandy beach.	A man standing on a beach holding a surfboard.
How to Perform a New Moon Ritual	https://www.wikihow.com/images/thumb/a/ad/Perform-a-New-Moon-Ritual-Step-3-Version-3.jpg/v4-460px-Perform-a-New-Moon-Ritual-Step-3-Version-3.jpg	rE51_640	Set up an altar.	A table topped with a candle and a glass of wine.	A table with a candle and a plate with a candle on it.
How to Perform a New Moon Ritual	https://www.wikihow.com/images/thumb/5/57/Perform-a-New-Moon-Ritual-Step-8.jpg/v4-460px-Perform-a-New-Moon-Ritual-Step-8.jpg	rE51_645	Acknowledge the energy of the elements.	A woman holding a hotdog up to her face.	A woman sitting in a hotel room with a cell phone in her hand.
How to Cross Yourself	https://www.wikihow.com/images/thumb/a/ab/Cross-Yourself-Step-2-Version-2.jpg/v4-460px-Cross-Yourself-Step-2-Version-2.jpg	rE55_688	Lift your right hand.	A man adjusting his tie in front of a building.	A man is posing for a picture.
How to Feel Beautiful on the Inside	https://www.wikihow.com/images/thumb/c/ce/Feel-Beautiful-on-the-Inside-Step-10-Version-2.jpg/v4-460px-Feel-Beautiful-on-the-Inside-Step-10-Version-2.jpg	rE60_748	Be of service to others.	A man standing next to a little girl holding a pair of scissors.	A man and a woman standing next to each other.
How to Find Your Spirit Animal	https://www.wikihow.com/images/thumb/8/81/Find-out-What-Your-Spiritual-Animal-Is-Step-2.jpg/v4-460px-Find-out-What-Your-Spiritual-Animal-Is-Step-2.jpg	rE62_770	Be open to messages.	A person standing in front of a painting holding a frisbee.	A person standing next to a fence with a frisbee.
How to Pray the Chaplet of Divine Mercy	https://www.wikihow.com/images/thumb/3/35/Pray-the-Chaplet-of-Divine-Mercy-Step-5-Version-2.jpg/v4-460px-Pray-the-Chaplet-of-Divine-Mercy-Step-5-Version-2.jpg	rE66_819	Tap your fingertips against the middle of your chest.	a close up of a person holding a pair of scissors	A close up of a person holding a hand.
How to Blow a Shofar	https://www.wikihow.com/images/thumb/6/60/Blow-a-Shofar-Step-7.jpg/v4-460px-Blow-a-Shofar-Step-7.jpg	rE69_863	Practice the shevarim.	A man holding a pair of scissors in his hand.	A person holding a bottle up to a person's mouth.
How to Meditate on the Word of God	https://www.wikihow.com/images/thumb/6/69/Meditate-on-the-Word-of-God-Step-14.jpg/v4-460px-Meditate-on-the-Word-of-God-Step-14.jpg	rE70_879	Evoke an emotional response.	A hand that is holding a napkin with a napkin in it.	A close up of a person holding a cell phone.
How to Read the Qur'an	https://www.wikihow.com/images/thumb/2/2c/Read-the-Qur%27an-Step-9.jpg/v4-460px-Read-the-Qur%27an-Step-9.jpg	rE71_890	Take notes	A book with a picture of a hotdog and a cup of coffee.	A wooden table with a pen and a stack of books.
How to Improve Your Self Esteem	https://www.wikihow.com/images/thumb/d/d0/Elevate-Your-Self-Esteem-Step-5.jpg/v4-460px-Elevate-Your-Self-Esteem-Step-5.jpg	rE72_902	Do things you enjoy.	A drawing of a man holding a surfboard next to a woman.	A couple of people sitting on a beach near a painting.
How to Become a Nun	https://www.wikihow.com/images/thumb/5/53/Buy-Small-Business-Insurance-Step-14-Version-2.jpg/v4-460px-Buy-Small-Business-Insurance-Step-14-Version-2.jpg	rE80_1017	Contact a specific community.	A woman holding a phone in front of her face.	A woman is talking on a cell phone.
How to Say a Novena to St. Therese the Little Flower	https://www.wikihow.com/images/thumb/e/e1/Say-a-Novena-to-St.-Therese-the-Little-Flower-Step-4-Version-2.jpg/v4-460px-Say-a-Novena-to-St.-Therese-the-Little-Flower-Step-4-Version-2.jpg	rE86_1128	Close by placing emphasis on your good intentions.	a close up of a person holding a pair of scissors	a close up of a man with a hair on his head.
How to Control Chakra	https://www.wikihow.com/images/thumb/0/0f/Control-Chakra-Step-7-Version-2.jpg/v4-460px-Control-Chakra-Step-7-Version-2.jpg	rE103_1366	Certain sounds may help balance that energy.	a close up of a person wearing headphones operating a cell phone	A close up of a person's hair with a phone.
How to Stop Comparing Yourself to Others	https://www.wikihow.com/images/thumb/7/77/Stop-Comparing-Yourself-to-Others-Step-11-Version-2.jpg/v4-460px-Stop-Comparing-Yourself-to-Others-Step-11-Version-2.jpg	rE106_1400	Realize that idealizing someone is unrealistic.	A man in a suit and tie standing next to a woman.	A close up of a man in a suit and tie.
How to Consecrate Yourself	https://www.wikihow.com/images/thumb/8/8a/Consecrate-Yourself-Step-2.jpg/v4-460px-Consecrate-Yourself-Step-2.jpg	rE119_1557	Consider its spiritual roots.	An open book sitting on top of a table.	A book that is sitting on top of a wooden table.
How to Be a Hermit	https://www.wikihow.com/images/thumb/5/59/Be-a-Hermit-Step-6.jpg/v4-460px-Be-a-Hermit-Step-6.jpg	rE127_1679	Get the funds ready.	a close up of a pair of scissors on a stack of money on a table	A large amount of money sitting on top of a pile of cash.
How to Become a Chaplain	https://www.wikihow.com/images/thumb/0/06/Become-a-Chaplain-Step-3-Version-3.jpg/v4-460px-Become-a-Chaplain-Step-3-Version-3.jpg	rE140_1846	Be able to meet the spiritual needs of strangers.	A woman sitting at a table with a flower in her hand.	A woman holding a butterfly in her hand.
How to Overcome Low Self Esteem	https://www.wikihow.com/images/thumb/c/c7/Tell-Your-Date-You-Had-Cancer-Step-2.jpg/v4-460px-Tell-Your-Date-You-Had-Cancer-Step-2.jpg	rE144_1942	Understand the low self-esteem cycle.	A man standing next to another man holding a white umbrella.	A couple of people standing next to each other.
How to Overcome Low Self Esteem	https://www.wikihow.com/images/thumb/c/c8/Create-a-Weight-Loss-Plan-That-Works-for-You-Step-15.jpg/v4-460px-Create-a-Weight-Loss-Plan-That-Works-for-You-Step-15.jpg	rE144_1948	Assess your experiences of social acceptance.	A group of three men standing next to each other.	A group of people standing next to each other.
How to Pray to God (Beginners)	https://www.wikihow.com/images/thumb/9/91/Pray-to-God-%28Beginners%29-Step-5.jpg/v4-460px-Pray-to-God-%28Beginners%29-Step-5.jpg	rE148_1991	Plan to pray alone or with others.	a close up of a person holding a candle near a body of water	A close up of a woman's hand.
How to Become a Reverend	https://www.wikihow.com/images/thumb/4/45/Become-a-Reverend-Step-12-Version-2.jpg/v4-460px-Become-a-Reverend-Step-12-Version-2.jpg	rE161_2165	Fill out the required paperwork to make your ordination official.	A picture of a christmas message on a computer screen.	A person is using an ipad to sign in to their ipad.
How to Ask Allah for Forgiveness	https://www.wikihow.com/images/thumb/4/47/Ask-Allah-for-Forgiveness-Step-15.jpg/v4-460px-Ask-Allah-for-Forgiveness-Step-15.jpg	rE163_2199	Perform Hajj	a close up of a box with a cat in the background	A man standing in front of a wall in front of a fence.
How to Go to Confession	https://www.wikihow.com/images/thumb/3/31/Go-to-Confession-Step-9-Version-3.jpg/v4-460px-Go-to-Confession-Step-9-Version-3.jpg	rE166_2234	Listen as the priest offers counsel.	A man holding a wine glass in front of a clock tower.	A man standing next to a block of books.
How to Use Chakra Stones	https://www.wikihow.com/images/thumb/1/11/Open-Your-Spiritual-Chakras-Step-3.jpg/v4-460px-Open-Your-Spiritual-Chakras-Step-3.jpg	rE167_2252	Heal your sacral chakra if you have little energy and motivation.	A person in a black and white pose with an orange in his hand.	A person sitting on a bench in front of a sign.
How to Know What You Want	https://www.wikihow.com/images/thumb/a/aa/Find-Freedom-in-Your-Life-Step-8.jpg/v4-460px-Find-Freedom-in-Your-Life-Step-8.jpg	rE172_2308	Look for alternatives.	A woman sitting in front of a laptop computer.	A woman sitting at a desk in front of a laptop.
How to Memorize a Bible Verse	https://www.wikihow.com/images/thumb/2/22/Memorize-a-Bible-Verse-Step-2.jpg/v4-460px-Memorize-a-Bible-Verse-Step-2.jpg	rE182_2431	Ask God to help you understand what the verse means and help you to be able to live it out in your daily life.	a close up of a person holding a small object	A hand holding a necklace in front of a person.
How to Be Proud of Who You Are	https://www.wikihow.com/images/thumb/3/39/Be-Proud-of-Who-You-Are-Step-1-Version-4.jpg/v4-460px-Be-Proud-of-Who-You-Are-Step-1-Version-4.jpg	rE183_2439	Identify something that you are grateful for.	A picture of a person giving a green signal.	A woman holding a bracelet with a smile on it.
How to Love Yourself	https://www.wikihow.com/images/thumb/1/11/Love-Yourself-Step-12-Version-3.jpg/v4-460px-Love-Yourself-Step-12-Version-3.jpg	rE187_2499	Repeat positive affirmations daily.	A woman smiling and holding a toothbrush in her mouth.	A woman standing in front of a wall with a cell phone.
How to Love Yourself	https://www.wikihow.com/images/thumb/f/fa/Love-Yourself-Step-22-Version-3.jpg/v4-460px-Love-Yourself-Step-22-Version-3.jpg	rE187_2509	Allow the positivity from the affirmations to fill you completely.	A picture of a woman holding a pair of scissors.	A woman holding a sign with her hands crossed in front of her face.
How to Pray to the Virgin Mary	https://www.wikihow.com/images/thumb/8/82/Pray-to-the-Virgin-Mary-Step-2.jpg/v4-460px-Pray-to-the-Virgin-Mary-Step-2.jpg	rE191_2562	The Salve Regina:	A woman wearing glasses holding a hotdog in her hand.	A woman standing in front of a mirror.
How to Be a Successful Muslim Wife	https://www.wikihow.com/images/thumb/9/90/Be-a-Successful-Muslim-Wife-Step-8-Version-2.jpg/v4-460px-Be-a-Successful-Muslim-Wife-Step-8-Version-2.jpg	rE200_2666	Enjoy your physical intimacy.	A man laying in bed next to a woman holding a white rose.	A man and woman kissing on a bed next to each other.
How to Be Jewish	https://www.wikihow.com/images/thumb/e/e4/Be-Jewish-Step-15.jpg/v4-460px-Be-Jewish-Step-15.jpg	rE211_2809	Follow the dietary laws of Kashrut.	A white plate topped with meat and vegetables.	A person holding a plate of food on a table.
How to Be Jewish	https://www.wikihow.com/images/thumb/8/8d/Be-Jewish-Step-18.jpg/v4-460px-Be-Jewish-Step-18.jpg	rE211_2812	Immerse in a ritual bath (or mikveh).	A picture of a water closet with a boat in it.	A view of a toilet in a bathroom.
How to Perform Ghusl	https://www.wikihow.com/images/thumb/0/05/Perform-Ghusl-Step-7-Version-2.jpg/v4-460px-Perform-Ghusl-Step-7-Version-2.jpg	rE214_2850	Consider performing ghusl in situations where it’s merely preferred.	a close up of a clock on a wall near a person wearing a hat	A couple of people standing next to each other on a table.
How to Feel Beautiful	https://www.wikihow.com/images/thumb/b/bc/Feel-Beautiful-Step-4-Version-2.jpg/v4-460px-Feel-Beautiful-Step-4-Version-2.jpg	rE224_2983	Start each day with an affirmation.	A woman standing in front of a mirror with a stuffed animal.	A woman standing in front of a mirror in front of a bathroom mirror.
How to Feel Beautiful	https://www.wikihow.com/images/thumb/d/d1/Feel-Beautiful-Step-9-Version-2.jpg/v4-460px-Feel-Beautiful-Step-9-Version-2.jpg	rE224_2988	Smile.	A picture of a girl with a pink umbrella.	A woman standing next to a painting of flowers.
How to Like Yourself	https://www.wikihow.com/images/thumb/9/99/Like-Yourself-Step-16.jpg/v4-460px-Like-Yourself-Step-16.jpg	rE227_3043	Find laughter in your life.	A person is holding a pink bird in their hand.	a close up of a woman holding a cell phone.
How to Visit a Catholic Mass	https://www.wikihow.com/images/thumb/e/ef/Visit-a-Catholic-Mass-Step-8-Version-2.jpg/v4-460px-Visit-a-Catholic-Mass-Step-8-Version-2.jpg	rE228_3064	Wait for others to genuflect as they enter the sanctuary.	A man sitting on top of a wooden floor next to a white couch.	A man standing in front of a suitcase.
How to Have a Zen Attitude	https://www.wikihow.com/images/thumb/c/c4/Have-a-Zen-Attitude-Step-12-Version-2.jpg/v4-460px-Have-a-Zen-Attitude-Step-12-Version-2.jpg	rE234_3147	Counteract negative thoughts.	A drawing of a man and woman sitting next to each other.	A woman sitting in front of a painting on a plate.
How to Become a LaVeyan Satanist	https://www.wikihow.com/images/thumb/1/14/Become-a-LaVeyan-Satanist-Step-3-Version-3.jpg/v4-460px-Become-a-LaVeyan-Satanist-Step-3-Version-3.jpg	rE250_3342	Rise through the hierarchy.	a close up of a person holding a sign near a building	A man holding a controller in his hands.
How to Perform Puja	https://www.wikihow.com/images/thumb/8/84/Perform-Puja-Step-18-Version-2.jpg/v4-460px-Perform-Puja-Step-18-Version-2.jpg	rE259_3465	Fourth:	a close up of a pair of scissors near a bowl of liquid	A person holding a plastic cup on top of a toilet.
How to Do Kundalini Yoga and Meditation	https://www.wikihow.com/images/thumb/6/6f/Do-Kundalini-Yoga-and-Meditation-Step-3-Version-3.jpg/v4-460px-Do-Kundalini-Yoga-and-Meditation-Step-3-Version-3.jpg	rE260_3490	Inhale.	A picture of a person standing in front of a street sign.	A woman standing next to a tree with a sign.
How to Be Happy Being Yourself	https://www.wikihow.com/images/thumb/f/f6/Be-Happy-Being-Yourself-Step-3-Version-3.jpg/v4-460px-Be-Happy-Being-Yourself-Step-3-Version-3.jpg	rE261_3523	Practice gratitude in your daily life.	A woman holding a bottle of paint next to a flower pot.	A woman holding a tray of corn on a table.
How to Attain Nirvana	https://www.wikihow.com/images/thumb/6/64/Attain-Nirvana-Step-5-Version-3.jpg/v4-460px-Attain-Nirvana-Step-5-Version-3.jpg	rE274_3725	Have the right action.	A man holding a pair of black scissors in his hands.	A man holding a chain on a chain.
How to Attain Nirvana	https://www.wikihow.com/images/thumb/2/2f/Attain-Nirvana-Step-9.jpg/v4-460px-Attain-Nirvana-Step-9.jpg	rE274_3729	Focus your mind.	A man sitting on top of a wooden bench under a pink umbrella.	A man sitting on a bench next to a river.
How to Cook Adobong Manok	https://www.wikihow.com/images/thumb/2/20/Cook-Adobong-Manok-Step-9-Version-2.jpg/v4-460px-Cook-Adobong-Manok-Step-9-Version-2.jpg	wE296_4019	Cover and place the dish in the refrigerator.	A white bowl filled with food on top of a table.	a close up of a bowl of food on a table.
How to Serve Caviar	https://www.wikihow.com/images/thumb/a/a6/Serve-Caviar-Step-15.jpg/v4-460px-Serve-Caviar-Step-15.jpg	wE302_4116	Have caviar with vodka for a traditional combination.	a close up of a glass of water on a table	A glass filled with a glass of water on a table.
How to Serve Caviar	https://www.wikihow.com/images/thumb/8/85/Serve-Caviar-Step-17-Version-2.jpg/v4-460px-Serve-Caviar-Step-17-Version-2.jpg	wE302_4118	Use the spoon to place the caviar onto your tongue.	A black stuffed animal with a cherry picker in it's mouth.	A black and white photo of a person with black hair.
How to Make Embutido	https://www.wikihow.com/images/thumb/3/32/Make-Embutido-Step-6.jpg/v4-460px-Make-Embutido-Step-6.jpg	wE303_4125	Repeat the process to make one to three more logs.	A hot dog is wrapped in foil on a plate.	A sandwich on a plastic plate on a table.
How to Cook Taro Root	https://www.wikihow.com/images/thumb/6/66/Cook-Taro-Root-Step-4.jpg/v4-460px-Cook-Taro-Root-Step-4.jpg	wE304_4135	Make taro root fries.	a close up of a plate of food with fries	A plate of french fries sitting on a table.
How to Make Hung Curd	https://www.wikihow.com/images/thumb/c/c3/Make-Hung-Curd-Step-8.jpg/v4-460px-Make-Hung-Curd-Step-8.jpg	wE305_4149	Store in a bowl.	a close up of a bowl of food on a table	A white bowl filled with milk on a table.
How to Make a Dosa	https://www.wikihow.com/images/thumb/1/1d/Make-a-Dosa-Step-7.jpg/v4-460px-Make-a-Dosa-Step-7.jpg	wE312_4209	Check the batter.	A person pouring batter into a pan with a wooden spoon.	A person putting a bowl of food into a bowl.
How to Make Tabouli	https://www.wikihow.com/images/thumb/d/db/Make-Tabouli-Step-3-Version-2.jpg/v4-460px-Make-Tabouli-Step-3-Version-2.jpg	wE314_4239	Chop the vegetables.	A cutting board topped with a salad and a knife.	A bowl of salad on a table next to a plate of salad.
How to Make Greek Coffee	https://www.wikihow.com/images/thumb/9/9c/Make-Greek-Coffee-Step-3-Version-4.jpg/v4-460px-Make-Greek-Coffee-Step-3-Version-4.jpg	wE317_4275	Serve the coffee in a demitasse.	a close up of a cup on a plate on a table	A white plate with a cup of coffee on it.
How to Make Fishball Sauce (Street Style)	https://www.wikihow.com/images/thumb/e/e8/Make-Fishball-Sauce-%28Street-Style%29-Step-8-Version-3.jpg/v4-460px-Make-Fishball-Sauce-%28Street-Style%29-Step-8-Version-3.jpg	wE327_4398	Skewer the fish balls.	a close up of a plate of food on a table	A plate of chicken wings on a wooden table.
How to Make Spring Roll Wrappers	https://www.wikihow.com/images/thumb/0/01/Make-Spring-Roll-Wrappers-Step-11.jpg/v4-460px-Make-Spring-Roll-Wrappers-Step-11.jpg	wE330_4416	Heat the oil.	A person is dipping a red liquid into a black bowl.	A hand holding a red lipstick brush on top of a counter.
How to Make Bruschetta	https://www.wikihow.com/images/thumb/d/dc/Make-Bruschetta-Step-12-Version-3.jpg/v4-460px-Make-Bruschetta-Step-12-Version-3.jpg	wE334_4482	Wait 1 to 2 hours.	A white bowl filled with tomatoes on top of a table.	A bowl of salad on a table with a glass of water.
How to Cook Israeli Couscous	https://www.wikihow.com/images/thumb/8/8e/Cook-Israeli-Couscous-Step-18.jpg/v4-460px-Cook-Israeli-Couscous-Step-18.jpg	wE341_4567	Mix in the dried fruit and herbs.	a close up of a pan of food on a table	A pan filled with food on a table.
How to Cook Chicken Feet	https://www.wikihow.com/images/thumb/4/45/Cook-Chicken-Feet-Step-7.jpg/v4-460px-Cook-Chicken-Feet-Step-7.jpg	wE343_4585	Repeat as needed.	A bowl filled with food sitting on top of a table.	A person is cooking some food on a stove top.
How to Make Soy Sauce	https://www.wikihow.com/images/thumb/a/ad/Make-Soy-Sauce-Step-7.jpg/v4-460px-Make-Soy-Sauce-Step-7.jpg	wE347_4635	Transfer the koji mixture to a tray that's about 3 inches (7.6 cm) deep.	A white pastry sitting inside of a container.	A piece of bread in a pan on a table.
How to Make Indian Style Basmati Rice	https://www.wikihow.com/images/thumb/4/4c/Make-Indian-Style-Basmati-Rice-Step-21.jpg/v4-460px-Make-Indian-Style-Basmati-Rice-Step-21.jpg	wE350_4683	Add 2 1/2 cups of water to the pot.	a close up of a frying pan with food cooking in it	A pan filled with vegetables and a wooden spoon.
How to Cook Bamboo Shoots	https://www.wikihow.com/images/thumb/1/17/Cook-Bamboo-Shoots-Step-6.jpg/v4-460px-Cook-Bamboo-Shoots-Step-6.jpg	wE357_4762	Place the shoots in a pot.	A pan filled with hot dog buns sitting on top of a stove.	A bowl of food is being served on top of a wooden plate.
How to Make Sushi	https://www.wikihow.com/images/thumb/5/52/Make-Sushi-Step-20.jpg/v4-460px-Make-Sushi-Step-20.jpg	wE368_4910	Unroll the bamboo and remove the sushi.	a close up of a piece of food on a table	A dog laying on a wooden surface next to a towel.
How to Cook Bulgur	https://www.wikihow.com/images/thumb/b/b3/Cook-Bulgur-Step-12.jpg/v4-460px-Cook-Bulgur-Step-12.jpg	wE371_4945	Sauté 1/2 of a medium onion in 1 tbsp.	A pan filled with lots of shrimp on top of a stove.	A bowl of food is being cooked on a stove top.
How to Can Salsa	https://www.wikihow.com/images/thumb/a/a8/Can-Salsa-Step-1-Version-5.jpg/v4-460px-Can-Salsa-Step-1-Version-5.jpg	wE374_4981	Gather the ingredients.	A person cutting up vegetables on top of a cutting board.	A bowl of food on a table with a knife.
How to Make Jalebi	https://www.wikihow.com/images/thumb/1/11/Make-Jalebi-Step-13-Version-7.jpg/v4-460px-Make-Jalebi-Step-13-Version-7.jpg	wE376_5017	Heat the oil.	A wooden spoon sticking out of a wooden cutting board.	A fork sitting on top of a metal plate.
How to Make Salsa	https://www.wikihow.com/images/thumb/4/42/Make-Salsa-Step-38.jpg/v4-460px-Make-Salsa-Step-38.jpg	wE383_5107	Chop the fresh parsley, basil, mint, chervil and tarragon.	A wooden cutting board topped with greens and a knife.	a close up of a plate with a knife on it.
How to Make Salsa	https://www.wikihow.com/images/thumb/3/36/Make-Salsa-Step-47.jpg/v4-460px-Make-Salsa-Step-47.jpg	wE383_5116	Put the onions into the cooking pan.	A person holding a spoon over a bowl of food.	A person is cooking a sauce on top of a plate.
How to Make Italian Sausage	https://www.wikihow.com/images/thumb/0/03/Make-Italian-Sausage-Step-15.jpg/v4-460px-Make-Italian-Sausage-Step-15.jpg	wE386_5144	Place sausages in airtight plastic baggies.	A person holding a pair of scissors in a plastic container.	A person holding a bag of candy on top of a table.
How to Make Idli	https://www.wikihow.com/images/thumb/7/72/Make-Idli-Step-2.jpg/v4-460px-Make-Idli-Step-2.jpg	wE402_5262	Grind the soaked items separately.	A person pouring something into a pan with a wooden spoon.	A person holding a bowl of food on top of a counter.
How to Make Sushi Rice in a Rice Cooker	https://www.wikihow.com/images/thumb/8/87/Make-Sushi-Rice-in-a-Rice-Cooker-Step-4.jpg/v4-460px-Make-Sushi-Rice-in-a-Rice-Cooker-Step-4.jpg	wE403_5274	Let cold water run over the rice.	A metal bowl filled with white liquid sitting on top of a metal counter.	A kitchen sink with a large amount of water in it.
How to Cook Thai Food	https://www.wikihow.com/images/thumb/2/29/Cook-Thai-Food-Step-18.jpg/v4-460px-Cook-Thai-Food-Step-18.jpg	wE408_5345	Garnish the curry.	a close up of a plate of food with broccoli  on it	A plate of food with chicken and vegetables in it.
How to Make Chimichangas	https://www.wikihow.com/images/thumb/6/69/Make-Chimichangas-Step-3-Version-3.jpg/v4-460px-Make-Chimichangas-Step-3-Version-3.jpg	wE409_5360	Cook the meat with the onions and garlic.	A frying pan filled with meat and vegetables.	A pan filled with food on a cutting board.
How to Make Indian Bread	https://www.wikihow.com/images/thumb/a/a6/Make-Indian-Bread-Step-25.jpg/v4-460px-Make-Indian-Bread-Step-25.jpg	wE410_5396	Heat oil in a deep pan.	A person pouring a yellow liquid into a white bowl.	A person holding a bottle of wine on top of a table.
How to Make Mochi	https://www.wikihow.com/images/thumb/7/7d/Make-Mochi-Step-5.jpeg/v4-460px-Make-Mochi-Step-5.jpeg	wE411_5403	Cook the dough over medium heat while you stir in the sugar.	A white bowl filled with soup sitting on top of a stove.	A person is cooking a bowl of mashed potatoes.
How to Fold a Tortilla	https://www.wikihow.com/images/thumb/0/05/Fold-a-Tortilla-Step-11-Version-7.jpg/v4-460px-Fold-a-Tortilla-Step-11-Version-7.jpg	wE413_5420	Serve.	a close up of a plate of food on a table	A white plate with a lot of food on it.
How to Make Pupusas	https://www.wikihow.com/images/thumb/2/27/Make-Pupusas-Step-2-Version-4.jpg/v4-460px-Make-Pupusas-Step-2-Version-4.jpg	wE415_5442	Let the dough rest.	A bowl of batter with a spoon in it.	A blanket with a bowl of cereal on top of it.
How to Make Gnocchi	https://www.wikihow.com/images/thumb/c/cc/Make-Gnocchi-Step-10-Version-6.jpg/v4-460px-Make-Gnocchi-Step-10-Version-6.jpg	wE417_5489	Knead the mixture into a soft dough.	a person is making some kind of bread with cheese on it	A person is cutting a piece of bread on a table.
How to Make Onigiri Filling	https://www.wikihow.com/images/thumb/8/8d/Make-Onigiri-Filling-Step-9.jpg/v4-460px-Make-Onigiri-Filling-Step-9.jpg	wE422_5548	Flake the cooked salmon.	a close up of a bowl of food on a table	a close up of a bowl of food on a plate.
How to Make Nachos	https://www.wikihow.com/images/thumb/d/d9/Make-Nachos-Step-15-Version-2.jpg/v4-460px-Make-Nachos-Step-15-Version-2.jpg	wE431_5654	Coat the chips with butter.	A plastic container filled with a sandwich and chips.	A plate topped with a bowl of chips on a table.
How to Make Crepes	https://www.wikihow.com/images/thumb/1/1e/Make-Crepes-Step-13-Version-2.jpg/v4-460px-Make-Crepes-Step-13-Version-2.jpg	wE434_5686	Serve the crepes with a savory filling.	A pan filled with a pizza covered in bacon and eggs.	A pan filled with food on a baking sheet.
How to Make Burritos	https://www.wikihow.com/images/thumb/f/f1/Make-a-Quesadilla-Step-6.jpg/v4-460px-Make-a-Quesadilla-Step-6.jpg	wE437_5727	Steam or heat your flour burrito	Pizza cooking in a skillet on top of a stove.	A pan filled with food on a table.
How to Use Fenugreek Seeds	https://www.wikihow.com/images/thumb/5/55/Use-Fenugreek-Seeds-Step-16.jpg/v4-460px-Use-Fenugreek-Seeds-Step-16.jpg	wE440_5760	Grind the ingredients in the food processor.	a close up of a toilet with a stuffed animal inside of it	A picture of a bucket of food in a pot on a table.
How to Make Ayran (Turkish Yogurt Drink)	https://www.wikihow.com/images/thumb/5/59/Make-Ayran-%28Turkish-Yogurt-Drink%29-Step-6.jpg/v4-460px-Make-Ayran-%28Turkish-Yogurt-Drink%29-Step-6.jpg	wE444_5792	Serve.	A person holding a glass filled with liquid.	A person is holding a smoothie in their hand.
How to Make Palak Paneer	https://www.wikihow.com/images/thumb/5/5d/Make-Palak-Paneer-Step-8.jpg/v4-460px-Make-Palak-Paneer-Step-8.jpg	wE449_5859	Add salt, pepper, and garam masala to taste.	a close up of a bowl of food with broccoli	A bowl filled with broccoli and green vegetables.
How to Make Palak Paneer	https://www.wikihow.com/images/thumb/8/8c/Make-Palak-Paneer-Step-14.jpg/v4-460px-Make-Palak-Paneer-Step-14.jpg	wE449_5865	Gather the paneer curds in the cheese cloth and press into a rough square on a cutting board.	A hand is holding a piece of bread.	A person cutting a piece of fabric with scissors.
How to Make Oyster Sauce	https://www.wikihow.com/images/thumb/7/70/Make-Oyster-Sauce-Step-17.jpg/v4-460px-Make-Oyster-Sauce-Step-17.jpg	wE450_5883	Sauté the ginger.	A frying pan filled with food on top of a stove.	A loaf of bread sitting on top of a frying pan.
"How to Make ""Quick 'n Easy"" Nachos"	https://www.wikihow.com/images/thumb/4/4c/Make-%22Quick-%27n-Easy%22-Nachos-Step-18-Version-2.jpg/v4-460px-Make-%22Quick-%27n-Easy%22-Nachos-Step-18-Version-2.jpg	wE453_5933	Add some sauce.	A person holding a fork and knife over a plate of food.	A person sitting on top of a table with a bowl of food.
How to Freeze Salsa	https://www.wikihow.com/images/thumb/1/17/Freeze-Salsa-Step-18.jpg/v4-460px-Freeze-Salsa-Step-18.jpg	wE454_5951	Mix salsa into your enchiladas.	a close up of a plate of food on a table	a close up of a piece of food on a plate.
How to Make Indian Falooda	https://www.wikihow.com/images/thumb/9/90/Make-Indian-Falooda-Step-3-Version-3.jpg/v4-460px-Make-Indian-Falooda-Step-3-Version-3.jpg	wE458_6004	Heat milk and sugar.	A frying pan filled with oil with a wooden spoon.	A white dish with a spoon on top of it.
How to Fry Pot Stickers	https://www.wikihow.com/images/thumb/5/5d/Fry-Pot-Stickers-Step-7.jpg/v4-460px-Fry-Pot-Stickers-Step-7.jpg	wE466_6072	Add roughly three tablespoons of water to the pan or wok.	A pan filled with food on top of a stove.	A pan filled with bananas on a table.
How to Make Aloo Paratha	https://www.wikihow.com/images/thumb/4/48/Make-Alu-Paratha-Step-7.jpg/v4-460px-Make-Alu-Paratha-Step-7.jpg	wE468_6095	Fold the edges in wards like you do in a dumpling, ensuring that no filling is exposed.	A hand that is holding a pastry in it's palm.	A person holding a pastry in their hand.
How to Make Poppadoms	https://www.wikihow.com/images/thumb/e/ee/Make-Poppadoms-Step-10-Version-6.jpg/v4-460px-Make-Poppadoms-Step-10-Version-6.jpg	wE471_6140	Allow the poppadoms to cool completely.	A white plate topped with two pancakes and a bowl of syrup.	A bowl of pancakes sitting on a plate on a table.
How to Make Hungarian Goulash	https://www.wikihow.com/images/thumb/0/0c/Make-Hungarian-Goulash-Step-27.jpg/v4-460px-Make-Hungarian-Goulash-Step-27.jpg	wE474_6185	Add 2 tbsp.	a close up of a person pouring a liquid into a pan	A close up of a bowl of soup on top of a table.
How to Make Rice Paper	https://www.wikihow.com/images/thumb/e/e4/Make-Rice-Paper-Step-6.jpg/v4-460px-Make-Rice-Paper-Step-6.jpg	wE475_6193	Remove the rice paper.	A person is cutting up some food on a plate.	A person cutting a piece of bread on a plate.